War in Ukraine: Russian forces tighten grip on Kharkiv region,https://www.youtube.com/watch?v=t8uBP2X4G5M,2024-05-18T21:32:14+00:00,55931,Sky News
"Restrictions still in place for 2,500 homes after water parasite outbreak in Brixham",https://www.youtube.com/watch?v=MBxWHKzfXm0,2024-05-18T15:20:51+00:00,33472,Sky News
Donald Trump delivers a speech at the NRA Leadership Forum in Texas,https://www.youtube.com/watch?v=gOw5wwnvwh4,2024-05-18T23:11:59+00:00,29435,Sky News
Sir Jim Ratcliffe: Very good case for having a 'stadium of the north',https://www.youtube.com/watch?v=AMNgsIf63EY,2024-05-18T18:28:56+00:00,24633,Sky News
Australia edging closer to becoming a cashless society | 9 News Australia,https://www.youtube.com/watch?v=0a1Jkp5T-W0,2024-05-18T22:45:21+00:00,19877,9 News Australia
Israel: Father of murdered hostage Shani Louk 'relieved' to be able to bury her,https://www.youtube.com/watch?v=LpwnGPDDKpI,2024-05-18T19:37:05+00:00,19570,Sky News
Pro-Palestine supporters storm Labor Party conference in Victoria | 9 News Australia,https://www.youtube.com/watch?v=28Ifeg2o8aI,2024-05-18T21:13:39+00:00,16188,9 News Australia
Sky News at Ten: Victims of the Infected Blood Scandal prepare for the final report to be published,https://www.youtube.com/watch?v=YT7wvOfCpWw,2024-05-18T22:00:05+00:00,6670,Sky News
New housing figures show whether it's better to rent or buy in Brisbane | 7 News Australia,https://www.youtube.com/watch?v=k_Gjx1tkXn0,2024-05-19T02:07:01+00:00,6652,7NEWS Australia
ADF parachute preparers tested positive to drugs before Jack Fitzgibbon's deadly jump | ABC News,https://www.youtube.com/watch?v=6F9Cs9WoeRg,2024-05-18T23:05:03+00:00,6276,ABC News (Australia)
War in Ukraine: Russian forces tighten grip on Kharkiv region,https://www.youtube.com/watch?v=t8uBP2X4G5M,2024-05-18T21:32:14+00:00,57274,Sky News
South Africa: Jacob Zuma thrills crowds at rally in his former party's heartlands,https://www.youtube.com/watch?v=hD-kzQSb-Ug,2024-05-18T20:44:14+00:00,7353,Sky News
Are we looking at the housing crisis the wrong way round? | Alan Kohler | ABC News,https://www.youtube.com/watch?v=V3Gn31AOats,2024-05-19T07:15:01+00:00,7805,ABC News (Australia)
Shocking moment Sydney police officer stabbed in random attack | 7 News Australia,https://www.youtube.com/watch?v=FKYpu6_O-qE,2024-05-19T08:14:09+00:00,13497,7NEWS Australia
Tensions flare in Melbourneâ€™s CBD as police clash with protestors | 7 News Australia,https://www.youtube.com/watch?v=fOc0U7ND3JQ,2024-05-19T08:29:37+00:00,16975,7NEWS Australia
Helicopter carrying Iran's president Ebrahim Raisi involved in 'hard landing',https://www.youtube.com/watch?v=YzLssERT2wo,2024-05-19T14:03:23+00:00,1455,Sky News
Sixteen rescue teams trying to reach Iran's president after helicopter accident,https://www.youtube.com/watch?v=sntTFia4LfM,2024-05-19T14:24:07+00:00,26943,Sky News
Lives of Iran's president and foreign minister 'at risk' as search effort under way following crash,https://www.youtube.com/watch?v=CD-WbATfRrY,2024-05-19T16:02:54+00:00,8441,Sky News
Iran helicopter crash: Contact made made with passenger and crew member,https://www.youtube.com/watch?v=wo3zv3g7GeU,2024-05-19T18:08:28+00:00,14055,Sky News
Iran president Ebrahim Raisi pictured before helicopter crash,https://www.youtube.com/watch?v=iACzfRYlFGY,2024-05-19T17:57:44+00:00,999,Sky News
NSW domestic violence blitz; Iran president in helicopter crash | 9 News Australia,https://www.youtube.com/watch?v=kohme0NVros,2024-05-19T19:56:27+00:00,2286,9 News Australia
Iranian President Ebrahim Raisiâ€™s helicopter crashes as bad weather hampers search | ABC News,https://www.youtube.com/watch?v=lEVs3zUlbpw,2024-05-19T20:23:56+00:00,4125,ABC News (Australia)
Iran President's helicopter crashes in heavy fog | 7 News Australia,https://www.youtube.com/watch?v=fO_n-PzIL8Q,2024-05-19T20:37:28+00:00,3586,7NEWS Australia
Iran president Ebrahim Raisi in helicopter crash | 9 News Australia,https://www.youtube.com/watch?v=nAo6_urqrHc,2024-05-19T20:38:13+00:00,2911,9 News Australia
Hundreds arrested in mass police operation | 7 News Australia,https://www.youtube.com/watch?v=-O0MXQNw848,2024-05-19T20:13:17+00:00,323,7NEWS Australia
Helicopter crash: Iranian president Ebrahim Raisi missing,https://www.youtube.com/watch?v=KQ8d3fY9sH4,2024-05-19T21:24:39+00:00,48293,Sky News
Sky News at Ten: Iranian president missing after helicopter crash,https://www.youtube.com/watch?v=VuYuwM6z4S8,2024-05-19T22:02:06+00:00,38987,Sky News
Iran helicopter crash: Latest details | 7 News Australia,https://www.youtube.com/watch?v=fMWVwX7GidY,2024-05-19T21:23:46+00:00,67558,7NEWS Australia
How will Iranian President Ebrahim Raisiâ€™s chopper crash affect the Middle East? | ABC News,https://www.youtube.com/watch?v=YWxy_D0-ONY,2024-05-20T00:15:01+00:00,55651,ABC News (Australia)
Iranian president Ebrahim Raisi has died after helicopter crash,https://www.youtube.com/watch?v=1rUrGcIEUxI,2024-05-20T06:02:40+00:00,66423,Sky News
Iranian president Ebrahim Raisi killed in helicopter crash,https://www.youtube.com/watch?v=TjigjwS9Hg4,2024-05-20T05:35:32+00:00,60640,Sky News
Who is Iranian president Ebrahim Raisi?,https://www.youtube.com/watch?v=_Hp5iIENLLo,2024-05-19T21:42:25+00:00,47929,Sky News
Search For Iranian President Following Helicopter Crash | 10 News First,https://www.youtube.com/watch?v=4SiWFuOtrcU,2024-05-19T22:50:19+00:00,24081,10 News First
NSW police officer allegedly stabbed; Iran president in helicopter crash | 9 News Australia,https://www.youtube.com/watch?v=Z90I-oNpLUU,2024-05-20T02:05:53+00:00,12941,9 News Australia
Iranian President Ebrahim Raisi and foreign minister killed in helicopter crash | ABC News,https://www.youtube.com/watch?v=6GrD00DTDlU,2024-05-20T05:45:41+00:00,24465,ABC News (Australia)
The Australian Financial Review releases new data on the budget | 9 News Australia,https://www.youtube.com/watch?v=MpcaSald0Y4,2024-05-19T21:05:38+00:00,13485,9 News Australia
Infected Blood Inquiry: Family of victim hoping for closure after 'years of cover-ups and lies',https://www.youtube.com/watch?v=et7Vkkkbpzc,2024-05-19T22:03:05+00:00,9215,Sky News
Police officer allegedly stabbed at Hyde Park in Sydney | 9 News Australia,https://www.youtube.com/watch?v=2hRJtMxdr00,2024-05-19T21:34:35+00:00,9385,9 News Australia
Iranian President Ebrahim Raisi Confirmed Dead In Shock Helicopter Crash | 10 News First,https://www.youtube.com/watch?v=99_IuUIRVIw,2024-05-20T08:34:30+00:00,19747,10 News First
Iran's hardline president and its foreign minister killed in helicopter crash | ABC News,https://www.youtube.com/watch?v=wcD2o-ZvB6k,2024-05-20T09:00:10+00:00,14195,ABC News (Australia)
Australian almonds provide key ingredient to India's culture | ABC News,https://www.youtube.com/watch?v=lnSId0ytH5k,2024-05-20T06:15:01+00:00,11042,ABC News (Australia)
BREAKING: ICC prosecutor seeks Netanyahu & Hamas leaders arrest warrants | Israel-Hamas war,https://www.youtube.com/watch?v=kCXbDtbGRUI,2024-05-20T11:49:10+00:00,15691,Sky News
Watch live: RSF news conference on Julian Assange,https://www.youtube.com/watch?v=QF6C0_fQCy8,2024-05-20T14:38:15+00:00,538,Sky News
Infected Blood Inquiry Special Programme,https://www.youtube.com/watch?v=peWGECv0RPQ,2024-05-20T15:50:10+00:00,13813,Sky News
Watch live: PM Rishi Sunak delivers statement after infected blood scandal report,https://www.youtube.com/watch?v=2daD4ly32Nk,2024-05-20T15:36:47+00:00,63,Sky News
Infected Blood Inquiry: The successive government cover-up,https://www.youtube.com/watch?v=SDtyb2vvq0Y,2024-05-20T16:44:24+00:00,98,Sky News
Infected blood scandal: 'This is a day of shame for the British state' says Rishi Sunak,https://www.youtube.com/watch?v=i4kClotE2j0,2024-05-20T18:02:02+00:00,598,Sky News
Infected blood: Victim wants prosecutions after report,https://www.youtube.com/watch?v=L3-jzj8AX9A,2024-05-20T17:21:02+00:00,427,Sky News
Watch Politics Hub with Sophy Ridge as PM Rishi Sunak apologises to infected blood scandal victims,https://www.youtube.com/watch?v=TOgi-Xfjndk,2024-05-20T17:08:59+00:00,0,Sky News
Infected blood:  Labour leader Sir Keir Starmer says 'sorry',https://www.youtube.com/watch?v=Qf0zf7YBBUo,2024-05-20T18:33:26+00:00,1524,Sky News
"Infected blood scandal 'not an accident' with 'catalogue of failures', public inquiry finds",https://www.youtube.com/watch?v=PTradFMUfxA,2024-05-20T18:46:53+00:00,455,Sky News
Watch The UK Tonight with Sarah-Jane Mee live: Special Programme on the Infected Blood Report,https://www.youtube.com/watch?v=csk97-78Ghc,2024-05-20T18:27:12+00:00,20,Sky News
Chair of infected blood scandal inquiry speaks to Sky News,https://www.youtube.com/watch?v=S7mYM7gfgkM,2024-05-20T19:29:19+00:00,335,Sky News
President Ebrahim Raisi's death in helicopter crash divides Iran,https://www.youtube.com/watch?v=CU5KNdkLbrA,2024-05-20T20:52:27+00:00,5615,Sky News
ICC seeks arrests of Hamas and Israeli leaders; Queensland's ramping crisis | 9 News Australia,https://www.youtube.com/watch?v=2uZJuJMdt10,2024-05-20T20:10:18+00:00,1993,9 News Australia
Netanyahu 'disgusted' at accusations of war crimes,https://www.youtube.com/watch?v=bjH6T1Kk9Tk,2024-05-20T21:15:11+00:00,2996,Sky News
Netanyahu labels application for his arrest anti-Semitic | ABC News,https://www.youtube.com/watch?v=RK6IXB-w9pI,2024-05-20T20:46:38+00:00,2453,ABC News (Australia)
The tiny homes entrepreneur accused of taking customers' deposits | A Current Affair,https://www.youtube.com/watch?v=ieaQQ00otQ4,2024-05-20T20:26:59+00:00,2332,A Current Affair
Sky News at Ten live: Sunak says infected blood scandal report is 'day of shame for British state',https://www.youtube.com/watch?v=HW1Mxl0eR6E,2024-05-20T21:59:37+00:00,4816,Sky News
Watch The World with Yalda Hakim live: Latest on Iran's president who died in a helicopter crash,https://www.youtube.com/watch?v=hSGmhg_KbsY,2024-05-20T21:01:24+00:00,4693,Sky News
"Police and CPS should investigate infected blood scandal, senior MP says",https://www.youtube.com/watch?v=hjsLMWW3EcY,2024-05-20T20:05:01+00:00,4616,Sky News
Big housing misses in the federal budget announcement | 9 News Australia,https://www.youtube.com/watch?v=wlrd7bV6d2A,2024-05-20T21:40:43+00:00,7396,9 News Australia
Warning for NSW and Victoria residents to brace for blackouts this summer| 9 News Australia,https://www.youtube.com/watch?v=VRq9kHXPEzE,2024-05-20T22:20:17+00:00,9452,9 News Australia
Flights for stranded Aussies in New Caledonia; Telstra axes 2800 jobs | 9 News Australia,https://www.youtube.com/watch?v=I0vY2cA-_2Y,2024-05-21T02:12:35+00:00,9591,9 News Australia
OpenAI chatbot's voice sparks controversy over likeness to Scarlett Johansson | ABC News,https://www.youtube.com/watch?v=3BWjomtK-94,2024-05-21T02:47:47+00:00,9980,ABC News (Australia)
"Telstra to slash up to 2,800 jobs to combat cost and inflationary pressures | ABC News",https://www.youtube.com/watch?v=Bzjs5mB-YsE,2024-05-21T00:28:14+00:00,7890,ABC News (Australia)
Farmer's haunting testimony in double murder trial 7 News Australia,https://www.youtube.com/watch?v=mWlNFrl1nks,2024-05-20T22:12:22+00:00,7669,7NEWS Australia
Israel PM Netanyahu Blasts Arrest Warrant | 10 News First,https://www.youtube.com/watch?v=xNxnpjA7lbE,2024-05-20T23:40:56+00:00,7675,10 News First
Growing cost-of-living concerns; ICC pursues arrest of Israel and Hamas leaders | 9 News Australia,https://www.youtube.com/watch?v=3NWlnMv4foc,2024-05-21T06:29:13+00:00,6892,9 News Australia
Watch live: First day of funeral ceremonies for Iranian President Ebrahim Raisi,https://www.youtube.com/watch?v=nVOD0VycDgY,2024-05-21T09:06:48+00:00,13411,Sky News
Press Preview: Tuesday's front pages,https://www.youtube.com/watch?v=u5AaFV9xnec,2024-05-20T22:34:01+00:00,6783,Sky News
Council drain upgrades lead to 'warzone' in Gold Coast street | A Current Affair,https://www.youtube.com/watch?v=Ponij1u3-sI,2024-05-20T21:00:24+00:00,5883,A Current Affair
Countries around the world affected by the infected blood scandal,https://www.youtube.com/watch?v=O_if-nm4eYQ,2024-05-20T21:35:17+00:00,5240,Sky News
Coastal homeowners facing growing climate costs | The Business | ABC News,https://www.youtube.com/watch?v=77f7E0S4NUM,2024-05-21T08:43:21+00:00,5215,ABC News (Australia)
ASX slips as Telstra confirms job cuts | Finance Report | ABC News,https://www.youtube.com/watch?v=WWNDoQpK6KM,2024-05-21T09:00:21+00:00,4665,ABC News (Australia)
Israel reacts to ICC arrest warrant application for PM and defence minister | ABC News,https://www.youtube.com/watch?v=AwtzYvAjZ_k,2024-05-21T07:59:27+00:00,4006,ABC News (Australia)
BREAKING: Severe turbulence leaves one dead & multiple injured on London to Singapore flight,https://www.youtube.com/watch?v=-YiWexvpogo,2024-05-21T10:55:39+00:00,23949,Sky News
Post Office Horizon Inquiry | Tuesday 21st May,https://www.youtube.com/watch?v=_LR3j3dQUMI,2024-05-21T06:11:31+00:00,7978,Sky News
New land tax crunch pushing Victorian homeowners to the brink | 7 News Australia,https://www.youtube.com/watch?v=oYz6LY68aNU,2024-05-21T09:32:59+00:00,6917,7NEWS Australia
A young truckie is lucky to be alive after crashing into a Sydney shopfront | 7 News Australia,https://www.youtube.com/watch?v=gPa1gd0PoU8,2024-05-21T09:45:11+00:00,5579,7NEWS Australia
Inside Singapore Airlines plane which had to make an emergency landing.,https://www.youtube.com/watch?v=vMiOlASZK8o,2024-05-21T14:34:47+00:00,1371,Sky News
Yellen sees 'possibility' of $50bn loan from seized Russian assets | Ukraine war,https://www.youtube.com/watch?v=qzg_C_74AAY,2024-05-21T14:37:16+00:00,558,Sky News
Watch live: US Secretary of State Antony Blinken testifies before the Senate Committee,https://www.youtube.com/watch?v=PfTx6i4skHM,2024-05-21T14:36:33+00:00,24,Sky News
Ukraine war: Vovchansk - a key target of the new Russian offensive,https://www.youtube.com/watch?v=z2darzSZvdk,2024-05-21T15:03:09+00:00,13428,Sky News
Watch Business Live with Ian King | US Treasury secretary speaks to Sky News,https://www.youtube.com/watch?v=v4kevHk6F3c,2024-05-21T16:01:22+00:00,110,Sky News
Watch Politics Hub with Sophy Ridge: Plan to compensate infected blood victims announced,https://www.youtube.com/watch?v=Lb90YiIpl_c,2024-05-21T16:07:15+00:00,0,Sky News
Flight passenger describes turbulence ordeal,https://www.youtube.com/watch?v=oNnXH5CDGmI,2024-05-21T16:19:09+00:00,1209,Sky News
Watch The World with Yalda Hakim,https://www.youtube.com/watch?v=FESU_Y43Rw4,2024-05-21T16:22:48+00:00,0,Sky News
Thousands mourn Iran's president and others celebrate his death,https://www.youtube.com/watch?v=kFwWh0C5cFg,2024-05-21T17:55:26+00:00,2744,Sky News
Infected blood: Who are the government worried may be undiagnosed for Hepatitis C?,https://www.youtube.com/watch?v=NNUMiPs31OY,2024-05-21T17:37:09+00:00,1739,Sky News
US President Joe Biden delivers speech on the PACT Act,https://www.youtube.com/watch?v=URK0eJpOIeI,2024-05-21T17:48:05+00:00,376,Sky News
Gareth Southgate's future as England manager,https://www.youtube.com/watch?v=4sZ-z156pCQ,2024-05-21T18:00:49+00:00,128,Sky News
'England can win the Euros' says Gareth Southgate as he picks his squad and drops the big guns,https://www.youtube.com/watch?v=RE0PGEeZAO8,2024-05-21T18:50:52+00:00,190,Sky News
"Jobs or the environment? And, how do pilots prepare for turbulence?",https://www.youtube.com/watch?v=lVpeCE4Q4x0,2024-05-21T17:27:34+00:00,152,Sky News
Man dies as Singapore Airline flight hits severe turbulence; Fatal NSW crash | 9 News Australia,https://www.youtube.com/watch?v=FcG-XzeYWxk,2024-05-21T19:59:30+00:00,1260,9 News Australia
"'Extreme protests can't bring people to your cause', says Lord Walney",https://www.youtube.com/watch?v=H6hgMKMI6aw,2024-05-21T18:52:43+00:00,503,Sky News
Commercial pilot Chris McGee says 'extreme turbulence is phenomenally rare',https://www.youtube.com/watch?v=fv8fv_VjB6Q,2024-05-21T20:34:38+00:00,4468,Sky News
Terrifying turbulence on Singapore flight | 7 News Australia,https://www.youtube.com/watch?v=FTDUqJRmu4g,2024-05-21T20:42:54+00:00,3324,7NEWS Australia
Severe turbulence on Sinagpore airlines flight leaves dozens injured | ABC News,https://www.youtube.com/watch?v=AU7mz0lIrZg,2024-05-21T20:41:31+00:00,2811,ABC News (Australia)
ICC prosecutor's arrest warrant bid for Netanyahu an 'outrageous act' says Israel War Cabinet member,https://www.youtube.com/watch?v=NBY2lsXbloI,2024-05-21T20:22:33+00:00,2178,Sky News
More than 100 Aussies rescued from New Caledonia | 9 News Australia,https://www.youtube.com/watch?v=nB1sw5Y3vhM,2024-05-21T20:35:11+00:00,779,9 News Australia
Sky News at Ten | British man who died after severe turbulence on flight named as Geoff Kitchen,https://www.youtube.com/watch?v=nEXaML1BwIY,2024-05-21T21:33:53+00:00,4596,Sky News
Fatal turbulence flight: 'There were things coming down from the ceiling',https://www.youtube.com/watch?v=VRKrDq6wlFs,2024-05-21T21:35:04+00:00,3150,Sky News
Man dies and dozens injured after Singapore Airlines flight turbulence | 9 News Australia,https://www.youtube.com/watch?v=umDhF1QMo7k,2024-05-21T21:47:46+00:00,2893,9 News Australia
"One dead on flight from London, Australians airlifted from New Caledonia | ABC News",https://www.youtube.com/watch?v=RLsbFXNm3TI,2024-05-21T22:01:08+00:00,4710,ABC News (Australia)
The UK Tonight with Sarah-Jane Mee | British passenger dies after severe turbulence on flight,https://www.youtube.com/watch?v=EST8fKSgrVc,2024-05-21T22:13:39+00:00,4652,Sky News
Australians hospitalized following extreme flight turbulence | 7NEWS Australia,https://www.youtube.com/watch?v=vKk0Wd8hsIo,2024-05-21T23:59:58+00:00,5399,7NEWS Australia
'So intense' Inside the terrifying mid-air emergency | Richard Quest,https://www.youtube.com/watch?v=1tONy-ePREk,2024-05-22T00:30:08+00:00,5162,7NEWS Australia
Passengers recount terrifying Singapore Airlines flight; New nuclear power report | 9 News Australia,https://www.youtube.com/watch?v=jhDTHTfevcc,2024-05-22T02:11:26+00:00,19465,9 News Australia
How Severe Turbulence Led To Deadly Singapore Airlines Flight | 10 News First,https://www.youtube.com/watch?v=aMOXH0uyz3Q,2024-05-22T03:09:30+00:00,34640,10 News First
What causes turbulence and is it happening more? | ABC News,https://www.youtube.com/watch?v=niDtpt6iJ2g,2024-05-21T23:22:47+00:00,16776,ABC News (Australia)
Billionaire shares solution to housing crisis | 9 News Australia,https://www.youtube.com/watch?v=MP-pIt8YDoQ,2024-05-21T23:24:19+00:00,11181,9 News Australia
Post Office Inquiry: Former Post Office boss Paula Vennells to give evidence,https://www.youtube.com/watch?v=wXdfxujzZuM,2024-05-21T22:15:01+00:00,10923,Sky News
Widower opens up after wife's teen killer sentenced | A Current Affair,https://www.youtube.com/watch?v=GASHoxviY_E,2024-05-22T03:00:14+00:00,10427,A Current Affair
Fatal Singapore Airlines turbulence details; Shadow treasurerâ€™s nuclear plan | 9 News Australia,https://www.youtube.com/watch?v=ktmCWG6aGIg,2024-05-22T07:00:31+00:00,10416,9 News Australia
ðŸ“° Sky News Press Preview | 21 May,https://www.youtube.com/watch?v=y5Cx75EjOck,2024-05-21T21:59:01+00:00,7750,Sky News
Ireland along with Norway & Spain recognise Palestine as independent state,https://www.youtube.com/watch?v=9Gb2nKmtKOo,2024-05-22T07:57:01+00:00,10326,Sky News
Grandfather Dead After Severe Turbulence On Singapore Airlines Flight | 10 News First,https://www.youtube.com/watch?v=fKgOpK1bUeQ,2024-05-21T23:29:38+00:00,8836,10 News First
UK woman's fight for citizenship after 55 years in Australia | A Current Affair,https://www.youtube.com/watch?v=ulU0btHbSuM,2024-05-22T03:15:02+00:00,5386,A Current Affair
Passengers Return Home After Horror Singapore Airlines Flight That Left A Man Dead | 10 News First,https://www.youtube.com/watch?v=2F3_PcbknQM,2024-05-22T08:47:38+00:00,7172,10 News First
Post Office scandal: Ex-boss Paula Vennells faces media scrum as she arrives at inquiry,https://www.youtube.com/watch?v=n2e22gO1Sfg,2024-05-22T07:45:14+00:00,6823,Sky News
Singapore Airlines flight emergency: Adelaide couple saved by seatbelts | 7 News Australia,https://www.youtube.com/watch?v=0n2pqN3jBfw,2024-05-22T08:47:35+00:00,5904,7NEWS Australia
"One man dead, several injured, after Singapore Airlines flight hits severe turbulence | ABC News",https://www.youtube.com/watch?v=5u0xGjFHNg8,2024-05-22T09:06:50+00:00,31516,ABC News (Australia)
Man dies after extreme turbulence on Singapore Airlines flight | 9 News Australia,https://www.youtube.com/watch?v=7o0TKXxqUYw,2024-05-22T09:13:43+00:00,15861,9 News Australia
Post Office Inquiry: Former Post Office boss Paula Vennells gives evidence,https://www.youtube.com/watch?v=_M2Kd-t7KCQ,2024-05-21T17:26:35+00:00,14758,Sky News
"BREAKING: Rishi Sunak to call general election for 4 July, Sky News understands",https://www.youtube.com/watch?v=NiyYQtqPdjU,2024-05-22T15:29:21+00:00,4165,Sky News
Norway and Spain recognise Palestine,https://www.youtube.com/watch?v=ZwlDj7D5qtM,2024-05-22T15:57:39+00:00,310,Sky News
Rishi Sunak announces general election will be on 4 July 2024,https://www.youtube.com/watch?v=S7xIGBf5wnk,2024-05-22T16:24:23+00:00,5612,Sky News
BREAKING: Prime Minister Rishi Sunak calls general election for 4 July,https://www.youtube.com/watch?v=gVE91O5BNX4,2024-05-22T16:24:48+00:00,2892,Sky News
Sir Keir Starmer delivers statement following General Election announcement,https://www.youtube.com/watch?v=dDxsMz2kSJo,2024-05-22T16:50:38+00:00,1953,Sky News
Sunak announces election saying he's 'the man with a plan' | Vote 2024,https://www.youtube.com/watch?v=iSqBovtJ-eY,2024-05-22T16:54:19+00:00,477,Sky News
Prime Minister Rishi Sunak announces General Election on 4 July - Sky News coverage,https://www.youtube.com/watch?v=w3yRiQXZwqA,2024-05-22T18:13:17+00:00,84072,Sky News
"Tory government 'out of excuses' and 'out of time', Lib Dem leader says",https://www.youtube.com/watch?v=8gCeifT0Y_E,2024-05-22T17:25:22+00:00,861,Sky News
'The optics of a PM being rained on as he calls this general election is not ideal',https://www.youtube.com/watch?v=sL4D0bVet0s,2024-05-22T17:28:52+00:00,558,Sky News
'I don't believe a word': Paula Vennells at the Post Office Inquiry,https://www.youtube.com/watch?v=RB_e53e6sLE,2024-05-22T18:36:01+00:00,1291,Sky News
Politics Hub special programme: General election called for 4 July - reaction and analysis,https://www.youtube.com/watch?v=q0HyRKFRgnk,2024-05-22T17:28:05+00:00,5544,Sky News
Rishi Sunak speaks at first Tory campaign rally ahead of the General Election 2024,https://www.youtube.com/watch?v=7a88SCQ-XK0,2024-05-22T19:26:30+00:00,1788,Sky News
BREAKING: Prime Minister Rishi Sunak calls a general election for 4 July,https://www.youtube.com/watch?v=Pe39wnnSIVk,2024-05-22T17:33:03+00:00,1616,Sky News
What factors prompted Rishi Sunak's call for a general election,https://www.youtube.com/watch?v=dntDwbP0mxk,2024-05-22T20:05:02+00:00,6810,Sky News
New details on Singapore Airlines flight; UK Prime Minister calls shock election | 9 News Australia,https://www.youtube.com/watch?v=xfFus1xL4hQ,2024-05-22T19:52:25+00:00,4757,9 News Australia
Sky correspondent removed from Conservative campaign event,https://www.youtube.com/watch?v=bLmNpUuEPhs,2024-05-22T19:46:29+00:00,2101,Sky News
Aussies hospitalized in Bangkok after Singapore Airlines plane turbulence | 7 News Australia,https://www.youtube.com/watch?v=UV15YIobAvo,2024-05-22T20:43:18+00:00,3013,7NEWS Australia
Three Australians in ICU after Singapore Airlines turbulence | ABC News,https://www.youtube.com/watch?v=nOkfJLlSmwA,2024-05-22T21:15:01+00:00,2759,ABC News (Australia)
Sunak campaign launch: 'We will fight every day for our values and our vision',https://www.youtube.com/watch?v=LZFjS-qNLkw,2024-05-22T19:53:09+00:00,1493,Sky News
Singapore Airlines passengers land in Australia after turbulence ordeal | ABC News,https://www.youtube.com/watch?v=dHgjefKMn0U,2024-05-22T20:25:49+00:00,1429,ABC News (Australia)
New details on deadly Singapore Airlines flight hit with severe turbulence | 9 News Australia,https://www.youtube.com/watch?v=XYJNY-rLky0,2024-05-22T21:47:57+00:00,1179,9 News Australia
Why has the Prime Minister gone to the polls?,https://www.youtube.com/watch?v=OXrbInK3p0s,2024-05-22T21:50:31+00:00,5716,Sky News
Party battle lines drawn up as general election date set for July 4,https://www.youtube.com/watch?v=Z_0NCT-0D_A,2024-05-22T21:51:10+00:00,4174,Sky News
Sky News at Ten | Rishi Sunak calls general election for 4 July,https://www.youtube.com/watch?v=6nzH4OibZzs,2024-05-22T22:00:48+00:00,3988,Sky News
Singapore airlines flight SQ321 turbulence incident under investigation | 7News Australia,https://www.youtube.com/watch?v=WTxFTwZt7-A,2024-05-22T23:30:09+00:00,14113,7NEWS Australia
'Hero' former Qantas pilot weighs in on horror Singapore Airlines flight | A Current Affair,https://www.youtube.com/watch?v=MfRxyDw2sf8,2024-05-23T00:21:44+00:00,14121,A Current Affair
The Sydney smash repairer accused of kidnapping cars | A Current Affair,https://www.youtube.com/watch?v=lmRfAfgam3Y,2024-05-23T01:30:22+00:00,16496,A Current Affair
Singapore airlines' deadly flight: as it happened | 7 News Australia,https://www.youtube.com/watch?v=yfyWyD-0QJU,2024-05-23T03:45:19+00:00,17751,7NEWS Australia
Watch Sky News Breakfast: Rishi Sunak kicks off General Election campaign,https://www.youtube.com/watch?v=PjYlJfUuMac,2024-05-22T22:14:16+00:00,16709,Sky News
Sydney couple sent neighbour's power bill for years after meter mistake | A Current Affair,https://www.youtube.com/watch?v=moo5-Lb94r8,2024-05-23T00:21:49+00:00,13241,A Current Affair
Emotions High as Singapore Airlines Passengers Safely Return to Australian Airports | 10 News First,https://www.youtube.com/watch?v=lHRh_loFmpg,2024-05-23T02:45:59+00:00,12628,10 News First
Australian power station given lifeline; Aussies in hospital after mid-air plunge | 9 News Australia,https://www.youtube.com/watch?v=XcR840AiSV0,2024-05-23T02:46:49+00:00,11457,9 News Australia
Grandmother caught up in million-dollar scam | 9 News Australia,https://www.youtube.com/watch?v=0N7yNhL66js,2024-05-23T00:07:14+00:00,9770,9 News Australia
Sky News Press Preview | 22 May 2024,https://www.youtube.com/watch?v=NN2fKW8Ki-Q,2024-05-22T21:58:36+00:00,8701,Sky News
Young Kanaks speak out as President Macron visits New Caledonia | The Pacific | ABC News,https://www.youtube.com/watch?v=-Mj73cQ4ePs,2024-05-23T06:45:00+00:00,11730,ABC News (Australia)
PM Rishi Sunak holds a Q&A following election date announcement,https://www.youtube.com/watch?v=dERbW3ST1mg,2024-05-23T08:42:13+00:00,11588,Sky News
Multiple Australians injured after deadly Singapore Airline turbulence | 9 News Australia,https://www.youtube.com/watch?v=DXESaFPdEpM,2024-05-23T09:18:03+00:00,21679,9 News Australia
Post Office Inquiry: Former Post Office boss Paula Vennells gives evidence - Day 2,https://www.youtube.com/watch?v=V7f8yYsSCWY,2024-05-23T05:42:19+00:00,15089,Sky News
Australian couple seek medevac flight home after turbulence injuries | ABC News,https://www.youtube.com/watch?v=LdUKd3p2cwE,2024-05-23T10:03:55+00:00,29573,ABC News (Australia)
Australian shares have finished the day in negative territory | Finance Report | ABC News,https://www.youtube.com/watch?v=I77j20A55Ls,2024-05-23T07:35:15+00:00,9021,ABC News (Australia)
Jury hears grisly details about missing campersâ€™ fate from forensics expert | 7 News Australia,https://www.youtube.com/watch?v=VbPZ6l8PC1w,2024-05-23T08:46:37+00:00,7454,7NEWS Australia
Ed Davey: 'NHS is on its knees under Tories',https://www.youtube.com/watch?v=UMzc0p3qfzo,2024-05-23T14:09:02+00:00,392,Sky News
US President Joe Biden and the First Lady Jill Biden welcome Kenyan president,https://www.youtube.com/watch?v=gcWakxXh1hw,2024-05-23T14:36:47+00:00,277,Sky News
Civil servant Simon Case gives evidence at the COVID inquiry,https://www.youtube.com/watch?v=ApipSR4asp4,2024-05-23T15:56:30+00:00,2059,Sky News
'It's on - what will the 2024 election be like?',https://www.youtube.com/watch?v=bpP2ey2z0VE,2024-05-23T15:31:23+00:00,905,Sky News
Business Live with Ian King: Chief Executive of Aviva says the general election needs to be decisive,https://www.youtube.com/watch?v=5zfdCvWpvE4,2024-05-23T16:00:03+00:00,545,Sky News
Video AI - what you need to know,https://www.youtube.com/watch?v=INpxyECv6y0,2024-05-23T16:00:22+00:00,92,Sky News
"Watch live: President Biden and Kenyan President, William Ruto hold joint news conference",https://www.youtube.com/watch?v=in5fEIocyCY,2024-05-23T16:59:43+00:00,20,Sky News
Watch live: PM Rishi Sunak continues his general election campaign tour in the Scottish Highlands,https://www.youtube.com/watch?v=PNIyeCB8Hg8,2024-05-23T16:25:51+00:00,0,Sky News
'It's on - what will the 2024 election be like?',https://www.youtube.com/watch?v=bb2EKZRbASQ,2024-05-23T17:27:20+00:00,317,Sky News
How big of a threat are cyberattacks? US National Security official speaks to Yalda Hakim,https://www.youtube.com/watch?v=JZMFLbF--Ys,2024-05-23T17:14:11+00:00,256,Sky News
Politics Hub with Sophy Ridge: Rishi Sunak and Keir Starmer head out to campaign across the country,https://www.youtube.com/watch?v=cIuV5m37Eto,2024-05-23T19:02:55+00:00,520,Sky News
Voters in swing constituency of Grimsby and Cleethorpes talk about the upcoming election,https://www.youtube.com/watch?v=QGNIjm-usN8,2024-05-23T19:24:09+00:00,1395,Sky News
'Things are getting better': Sam Coates joins Rishi Sunak on his election trail,https://www.youtube.com/watch?v=wsBODjIQ_QE,2024-05-23T20:23:08+00:00,2764,Sky News
"Farage will 'help Britain' by campaigning for Trump, says Reform leader",https://www.youtube.com/watch?v=fSdK8gSi3jw,2024-05-23T20:04:51+00:00,1644,Sky News
Man arrested after Marrickville stabbing | 7 News Australia,https://www.youtube.com/watch?v=Jnk-EN09Fcw,2024-05-23T20:02:45+00:00,1101,7NEWS Australia
The World with Yalda Hakim: Rishi Sunak pitches himself as the man to keep the UK safe this election,https://www.youtube.com/watch?v=TX_bObvYkQ0,2024-05-23T21:00:01+00:00,783,Sky News
Breaking: Building collapses on beach in Majorca killing multiple people,https://www.youtube.com/watch?v=N_jhRCvskxA,2024-05-23T21:28:40+00:00,4016,Sky News
Some Aussies in Singapore Airlines flight severely injured; China tensions grow | 9 News Australia,https://www.youtube.com/watch?v=YIcfdis8KeI,2024-05-23T21:03:14+00:00,3605,9 News Australia
Sky News at Ten: Two killed and at least 12 injured after building collapses on beach in Majorca,https://www.youtube.com/watch?v=x3NutL1cdTw,2024-05-23T22:05:13+00:00,1761,Sky News
Former Post Office Boss accused of putting brand above investigation miscarriages of justice,https://www.youtube.com/watch?v=LAfghFGD-tk,2024-05-23T20:47:52+00:00,1721,Sky News
Australians seeking evacuation following Singapore Airlines incident | 9 News Australia,https://www.youtube.com/watch?v=7EXCEQM8F1o,2024-05-23T22:00:57+00:00,4585,9 News Australia
Australian injured on Singapore Airlines flight speaks from a Bangkok hospital | ABC News,https://www.youtube.com/watch?v=pCEJxKrsw8U,2024-05-23T23:26:07+00:00,6386,ABC News (Australia)
Aussies hospitalised after Singapore Airlines flight; Taiwan tensions escalate | 9 News Australia,https://www.youtube.com/watch?v=KPjC3r1WBMY,2024-05-24T02:36:38+00:00,8277,9 News Australia
China's military drills around Taiwan 'strong punishment' | 9 News Australia,https://www.youtube.com/watch?v=YD8veNgNE1k,2024-05-23T23:53:16+00:00,7779,9 News Australia
Sky News Breakfast: Labour rejects calls for weekly TV leaders' debates,https://www.youtube.com/watch?v=Ko_H_kqVJOI,2024-05-23T21:54:36+00:00,7957,Sky News
Sky News Press Preview | 23 May 2024,https://www.youtube.com/watch?v=9yCD4MI69t0,2024-05-23T22:03:14+00:00,7849,Sky News
Deadly landslide hits Papua New Guinea village; China-Taiwan tensions escalating | 9 News Australia,https://www.youtube.com/watch?v=CFnLsHMzzUY,2024-05-24T06:44:08+00:00,12258,9 News Australia
Distant relative of Tory MP shuns Conservatives,https://www.youtube.com/watch?v=RjtqWIVJrR8,2024-05-23T21:41:27+00:00,7108,Sky News
Conflict Continues Over Video By QLD Health Minister | 10 News First,https://www.youtube.com/watch?v=dpbHBg-ED8Q,2024-05-24T02:18:40+00:00,6107,10 News First
China launches major military drills around Taiwan as island deploys forces to 'protect freedom',https://www.youtube.com/watch?v=SuGnr__BZA8,2024-05-24T07:20:23+00:00,6093,Sky News
Starmer: Sunak 'sounding a bit desperate' over TV debates | Vote 2024,https://www.youtube.com/watch?v=o4OJ4nScPK0,2024-05-24T08:25:42+00:00,9136,Sky News
Four People Killed After Majorca Restaurant Collapses | 10 News First,https://www.youtube.com/watch?v=pZHYICyHmRc,2024-05-24T01:44:10+00:00,6217,10 News First
Taiwan Reluctantly Preparing For War With China | 10 News First,https://www.youtube.com/watch?v=0sA-XPgYpkw,2024-05-24T08:53:06+00:00,6069,10 News First
Rescue crews search for survivors,https://www.youtube.com/watch?v=Ky6jwUcM-xY,2024-05-24T05:00:53+00:00,5782,Sky News
Post Office Inquiry: Former Post Office boss Paula Vennells gives evidence - Day 3,https://www.youtube.com/watch?v=jxOQ5nGpw74,2024-05-24T07:16:54+00:00,11115,Sky News
Australia condemns China's military response to Taiwan's new president | 9 News Australia,https://www.youtube.com/watch?v=-ysmuXnmOx0,2024-05-24T09:23:26+00:00,7437,9 News Australia
"We donâ€™t know her face, but Sydney meets the voice they rely on almost everyday | 7 News Australia",https://www.youtube.com/watch?v=5DDJ5_B7UJQ,2024-05-24T09:08:37+00:00,7205,7NEWS Australia
Watch live: UK General Election 2024 MPs stepping down make farewell speeches,https://www.youtube.com/watch?v=q5jNOiTjKiE,2024-05-24T06:30:47+00:00,6694,Sky News
"Bodies of three Israeli hostages found in Gaza, IDF says",https://www.youtube.com/watch?v=p8JWe0a6PUo,2024-05-24T09:11:10+00:00,6210,Sky News
Ex-Post Office boss Paula Vennells accused of talking 'absolute rubbish' as she breaks down in tears,https://www.youtube.com/watch?v=kF_blgmkSdE,2024-05-24T11:24:53+00:00,10477,Sky News
Professional boxer survives second alleged shooting in Melbourne | 9 News Australia,https://www.youtube.com/watch?v=DwDQ-rSfWZc,2024-05-24T09:14:22+00:00,6582,9 News Australia
Electoral Dysfunction: Some Tory MPs arenâ€™t happy about a July election,https://www.youtube.com/watch?v=uKlwLbVojBI,2024-05-24T14:20:54+00:00,320,Sky News
FYI: The General Election Explained for Children,https://www.youtube.com/watch?v=WuBHczMHyWI,2024-05-24T14:27:07+00:00,285,Sky News
'Get properly on the lash' Lords pass law to extend pub opening times during Euros,https://www.youtube.com/watch?v=bLohiCgUED0,2024-05-24T14:50:02+00:00,256,Sky News
Sparta Prague and Viktoria Plzen fans brawl and pundits attacked after the Czech Cup final,https://www.youtube.com/watch?v=rdEVmxhA5Ro,2024-05-24T14:53:45+00:00,147,Sky News
Watch live: Vice President Kamal Harris and Kenyan President William Ruto at the Chamber of Commerce,https://www.youtube.com/watch?v=9HQhGwasPvM,2024-05-24T14:59:52+00:00,19,Sky News
Post Office Scandal has been 'a huge part of what my life's been about' former sub-postmaster says,https://www.youtube.com/watch?v=q3l0sMngTI4,2024-05-24T15:32:41+00:00,220,Sky News
Orange cloud appears above County Durham after 'industrial incident',https://www.youtube.com/watch?v=9vzD2GkakOY,2024-05-24T15:56:53+00:00,84,Sky News
"Business Live with Ian King: Wet weather dampens retail sales volumes, falling by more than expected",https://www.youtube.com/watch?v=DiVDvmaEJh8,2024-05-24T15:58:23+00:00,54,Sky News
Sunak campaign event delayed by pro-Palestinian protesters,https://www.youtube.com/watch?v=Y7QBL-2tINY,2024-05-24T16:54:35+00:00,512,Sky News
You're in 'la la land': Paula Vennells's last day at Post Office Inquiry,https://www.youtube.com/watch?v=2sVPW-umeo0,2024-05-24T17:12:21+00:00,1149,Sky News
Ex-Post Office boss gives emotional apology to sub-postmasters - as Mr Bates offers 'no sympathy',https://www.youtube.com/watch?v=bkAYF6vY5Ug,2024-05-24T18:35:44+00:00,1558,Sky News
China launches mock missile strikes on Taiwan,https://www.youtube.com/watch?v=CyJtUy7kX9g,2024-05-24T20:08:43+00:00,1081,Sky News
Andrea Leadsom and Michael Gove announce they are standing down at the July general election,https://www.youtube.com/watch?v=Ub50ZMha-6g,2024-05-24T20:20:53+00:00,17846,Sky News
Rishi Sunak admits to 'difficult days' after launching general election campaign,https://www.youtube.com/watch?v=jOHqGsC3-B4,2024-05-24T19:57:05+00:00,2383,Sky News
Friday prayers held by destroyed mosque,https://www.youtube.com/watch?v=d_brxds4pFU,2024-05-24T17:53:53+00:00,1154,Sky News
Post Office Inquiry: Vennells accused of talking 'nonsense',https://www.youtube.com/watch?v=JK425FxN258,2024-05-24T21:06:36+00:00,2456,Sky News
Will Sunak's four nation tour win votes?,https://www.youtube.com/watch?v=D-OJWoyLfwo,2024-05-24T20:37:46+00:00,996,Sky News
Sky News at Ten: Michael Gove and Andrea Leadsom stand down at election as Tory exodus continues,https://www.youtube.com/watch?v=ml4zKEVXUpE,2024-05-24T22:02:23+00:00,3212,Sky News
Sky News Press Preview | 24 May 2024,https://www.youtube.com/watch?v=KK4234nxGe0,2024-05-24T22:00:17+00:00,3728,Sky News
"Three people dead after shooting in Floreat, in Perth's west | ABC News",https://www.youtube.com/watch?v=Ip6jgderBE0,2024-05-25T01:52:02+00:00,4485,ABC News (Australia)
Drastic lengths taken by public to survive cost-of-living crisis revealed | 9 News Australia,https://www.youtube.com/watch?v=-PjuXA1BFXA,2024-05-25T04:51:11+00:00,5727,9 News Australia
Victorian police on high alert after second alleged underworld shooting | 9 News Australia,https://www.youtube.com/watch?v=DeGII0zwTDY,2024-05-25T06:33:40+00:00,12590,9 News Australia
Three dead after shooting at Perth home; Government proposing scam victims laws | 9 News Australia,https://www.youtube.com/watch?v=gL09NBV25xU,2024-05-25T07:38:31+00:00,6504,9 News Australia
Domestic violence survivor lands role in Furiosa: A Mad Max Saga  | ABC News,https://www.youtube.com/watch?v=pG_aJdYdFS4,2024-05-25T02:07:44+00:00,8040,ABC News (Australia)
Mother and daughter killed by man hunting his ex-wife | 7 News Australia,https://www.youtube.com/watch?v=x8yODVifJPI,2024-05-25T08:24:05+00:00,7306,7NEWS Australia
Floreat women warned of gunman before deadly shooting in Perth's west: WA police| ABC News,https://www.youtube.com/watch?v=874NLvQ6ko4,2024-05-25T07:48:16+00:00,10143,ABC News (Australia)
A worrying number of restaurants say they are at risk of going under | 7 News Australia,https://www.youtube.com/watch?v=gzSEDcpxTN0,2024-05-25T08:28:45+00:00,7502,7NEWS Australia
"Taiwan: More likely 'when rather than if' China will take action against Taiwan, says analyst",https://www.youtube.com/watch?v=-bqJ6OhLYgM,2024-05-25T15:00:29+00:00,766,Sky News
Aircraft crashes in field in Lincolnshire,https://www.youtube.com/watch?v=ogiCYbEEe_Y,2024-05-25T14:18:40+00:00,636,Sky News
'Better work-life balance': Ex-Premier League footballers give their verdict on move to Saudi Arabia,https://www.youtube.com/watch?v=ZVfdChFrk4c,2024-05-25T14:30:38+00:00,240,Sky News
Tice asked 'How well do you know Skegness?',https://www.youtube.com/watch?v=LqjohLHZ80c,2024-05-25T16:48:47+00:00,390,Sky News
Nicki Minaj arrested at Netherlands airport hours before Co-op Live show in Manchester,https://www.youtube.com/watch?v=Vv9a_yeM89o,2024-05-25T18:29:28+00:00,549,Sky News
Rishi Sunak jokes about avoiding pneumonia after wet election date announcement,https://www.youtube.com/watch?v=wfvTO3V0N-0,2024-05-25T19:29:53+00:00,1545,Sky News
"Ban smartphones for under-16s, group of MPs suggest",https://www.youtube.com/watch?v=ieYMhdzrhl4,2024-05-25T19:50:01+00:00,562,Sky News
Migrants crossing Channel in small boats to reach UK hits new record for this stage of the year,https://www.youtube.com/watch?v=EsYTq_18nSA,2024-05-25T19:54:45+00:00,528,Sky News
"Taiwan: 'China is preparing for war,' says former Taiwanese navy captain",https://www.youtube.com/watch?v=T0u6Kqv-qnI,2024-05-25T20:34:28+00:00,5028,Sky News
Sharp rise in 'pauper funerals' as grieving families feel impact of spiralling costs,https://www.youtube.com/watch?v=ewZAMVyGxU8,2024-05-25T20:30:24+00:00,479,Sky News
Sky News at Ten | Sunak says he will bring back National Service if Tories win general election,https://www.youtube.com/watch?v=yTirf6g3enQ,2024-05-25T21:32:01+00:00,10001,Sky News
At least 27 killed in India amusement park fire | 9 News Australia,https://www.youtube.com/watch?v=D-CuEab8r1U,2024-05-25T21:34:30+00:00,1866,9 News Australia
ðŸ“° Sky News Press Preview | 25 May 2024,https://www.youtube.com/watch?v=pBfFevh2B_I,2024-05-25T21:58:52+00:00,5065,Sky News
Public transport fares to be slashed to 50 cents in Queensland | 9 News Australia,https://www.youtube.com/watch?v=TtUXpkwNsA4,2024-05-25T22:35:32+00:00,8257,9 News Australia
British man feared dead after disappearing on Mount Everest,https://www.youtube.com/watch?v=vFq3DcGqEQ0,2024-05-25T22:17:09+00:00,9477,Sky News
Perth triple shooting | 7 News Australia,https://www.youtube.com/watch?v=fvculBDCFU4,2024-05-26T00:23:11+00:00,11062,7NEWS Australia
Rajkot amusement park fire leaves dozens including children dead in India's Gujarat | ABC News,https://www.youtube.com/watch?v=dEGW2vNxcRM,2024-05-25T22:45:19+00:00,12768,ABC News (Australia)
Magnitude 6.4 earthquake strikes Vanuatu | 9 News Australia,https://www.youtube.com/watch?v=GCAAMsMoWzU,2024-05-26T00:22:07+00:00,12347,9 News Australia
"Sunday Morning with Trevor Phillips | James Cleverly, Liz Kendall and Nigel Farage",https://www.youtube.com/watch?v=52LmbFzS-PQ,2024-05-26T09:03:33+00:00,17493,Sky News
"Refusing mandatory National Service won't lead to prison, Home Secretary James Cleverly says",https://www.youtube.com/watch?v=eeNuiD9jwck,2024-05-26T08:24:15+00:00,25379,Sky News
Police swoop on a Melbourne crime syndicate | 7 News Australia,https://www.youtube.com/watch?v=sc7grIm4fPY,2024-05-26T08:19:48+00:00,21260,7NEWS Australia
Reform UK's Nigel Farage challenged over his claim that Muslims are against British values,https://www.youtube.com/watch?v=Vn_9lVvMkX4,2024-05-26T10:08:21+00:00,19870,Sky News
Is National Service in the UK a good idea?,https://www.youtube.com/watch?v=u7f9a7qsMFs,2024-05-26T14:07:51+00:00,8398,Sky News
Bear spotted roaming neighbourhood,https://www.youtube.com/watch?v=vG64lLWhCkE,2024-05-26T15:49:29+00:00,180,Sky News
Pilot killed in Spitfire crash in Lincolnshire is named,https://www.youtube.com/watch?v=ugSNBa2Jcvk,2024-05-26T17:39:44+00:00,515,Sky News
Sky News Breakfast - Monday 27th May 2024,https://www.youtube.com/watch?v=sGQXpKE6eOU,2024-05-26T18:44:14+00:00,0,Sky News
ðŸ“° Sky News Press Preview | 26 May 2024,https://www.youtube.com/watch?v=573OkHdls3c,2024-05-26T18:43:10+00:00,0,Sky News
"Sky News at Ten | Refusing mandatory National Service won't lead to prison, home secretary says",https://www.youtube.com/watch?v=1vVGVW4707E,2024-05-26T18:41:42+00:00,0,Sky News
Severe turbulence hits Qatar Airways flight; Deadly Sydney crash | 9 News Australia,https://www.youtube.com/watch?v=HqXHE-LenF4,2024-05-26T19:52:55+00:00,1429,9 News Australia
Massive landslide thought to have killed more than 670 people in Papua New Guinea,https://www.youtube.com/watch?v=Im1oTVgB6NM,2024-05-26T20:07:11+00:00,750,Sky News
Terrifying flight turbulence injures passengers | 7 News Australia,https://www.youtube.com/watch?v=hrvYXZQcYc8,2024-05-26T20:04:19+00:00,280,7NEWS Australia
Farmers on remote island grapple with worst drought on record | ABC News,https://www.youtube.com/watch?v=NllQWZaLfa4,2024-05-26T20:00:05+00:00,28,ABC News (Australia)
Twelve injured as Qatar Airways plane hits turbulence on flight to Dublin | 9 News Australia,https://www.youtube.com/watch?v=lYNj1sTtzXk,2024-05-26T20:36:58+00:00,1104,9 News Australia
Two killed in horror Sydney car crash | 9 News Australia,https://www.youtube.com/watch?v=U2d592K3yxQ,2024-05-26T20:14:01+00:00,577,9 News Australia
Warning for renters as prices tipped to keep soaring | 9 News Australia,https://www.youtube.com/watch?v=FbM3zXiRyT4,2024-05-26T20:51:09+00:00,89,9 News Australia
What does the public think about Rishi Sunak's National Service policy?,https://www.youtube.com/watch?v=-T0ZMiyVFXE,2024-05-26T21:11:38+00:00,7406,Sky News
"Tories' National Service pledge 'an expensive gimmick', says Labour's shadow chancellor",https://www.youtube.com/watch?v=l0AKdffzcwY,2024-05-26T21:11:05+00:00,2188,Sky News
Israeli air strike reportedly kills dozens in Rafah's humanitarian zone | ABC News,https://www.youtube.com/watch?v=v0SAEC2X1Ic,2024-05-26T23:47:15+00:00,10508,ABC News (Australia)
Xi Jinping wants China to be 'prepared' for invasion of Taiwan by 2027 | ABC News,https://www.youtube.com/watch?v=-sXI4bHxTxo,2024-05-27T00:43:12+00:00,10709,ABC News (Australia)
Two killed in horror Sydney crash; Israeli airstrike kills dozens in Rafah | 9 News Australia,https://www.youtube.com/watch?v=nMwNtBZ0xDg,2024-05-27T02:03:22+00:00,11301,9 News Australia
Hamas Leaders Killed In Israel Airstrikes On Rafah | 10 News First,https://www.youtube.com/watch?v=Xtju9oywRcw,2024-05-26T23:23:40+00:00,11195,10 News First
Sir Keir Starmer delivers first major speech of general election campaign,https://www.youtube.com/watch?v=S4X6Er09yqQ,2024-05-27T09:57:52+00:00,12127,Sky News
Federal government fast-tracking hate speech laws; Two killed in rideshare crash | 9 News Australia,https://www.youtube.com/watch?v=0j0TtyiBTi4,2024-05-27T06:27:15+00:00,11373,9 News Australia
Is there a pattern of Israel striking humanitarian subjects in Gaza? | ABC News,https://www.youtube.com/watch?v=GUzU0DaE6Oo,2024-05-27T03:00:44+00:00,8827,ABC News (Australia)
Islam in China: Concerns Hui Muslims are having their religious identity restricted,https://www.youtube.com/watch?v=4yxeWZxQ10s,2024-05-27T04:00:03+00:00,7933,Sky News
16 Dead After Powerful Storms Sweep The US | 10 News First,https://www.youtube.com/watch?v=JIDCYmv_-Cw,2024-05-27T02:51:24+00:00,7254,10 News First
Watch Sky News,https://www.youtube.com/watch?v=oJUvTVdTMyY,2024-05-27T09:02:55+00:00,17079,Sky News
National service plan 'desperate' says Sir Keir Starmer in first keynote speech of campaign,https://www.youtube.com/watch?v=06VGw9BbE2o,2024-05-27T10:53:59+00:00,7865,Sky News
Tonga's capital evacuated after 6.6 magnitude earthquake | ABC News,https://www.youtube.com/watch?v=OGbpOxRr96Y,2024-05-27T04:00:11+00:00,7853,ABC News (Australia)
Online retail sales accelerate: NAB | Finance Report | ABC News,https://www.youtube.com/watch?v=n6SMW-8oq9c,2024-05-27T08:26:20+00:00,8068,ABC News (Australia)
Japan warns residents to take cover after North Korean missile threat,https://www.youtube.com/watch?v=OwE8ZCRMLwk,2024-05-27T14:39:06+00:00,765,Sky News
Bournemouth stabbing victim named as police release teenager without charge,https://www.youtube.com/watch?v=qIfQQqXPFK8,2024-05-27T14:51:47+00:00,612,Sky News
"Rishi Sunak: National service idea is a ""bold plan"" for the UK",https://www.youtube.com/watch?v=O6afnJMVMDw,2024-05-27T15:38:02+00:00,3373,Sky News
Ukrainian President Volodymyr Zelenskyy visits Spanish parliament,https://www.youtube.com/watch?v=HFp_2XWgc9I,2024-05-27T15:55:55+00:00,547,Sky News
"Sir Keir Starmer: 'Country first, party second' the Labour leader tells Sky News",https://www.youtube.com/watch?v=mNacJWVCba8,2024-05-27T16:11:54+00:00,336,Sky News
Big cheese chasers take a tumble,https://www.youtube.com/watch?v=1HDKuwTFnWw,2024-05-27T16:13:55+00:00,48,Sky News
Man crosses railway tracks as train approaches,https://www.youtube.com/watch?v=zuEOYEes7vA,2024-05-27T16:35:30+00:00,236,Sky News
High-value target in Rafah 'unlikely to be justified by level of casualties' | Israel-Hamas war,https://www.youtube.com/watch?v=IWV4WokKOD4,2024-05-27T17:26:25+00:00,5176,Sky News
Released detainees reoffending; Ten people escape Sydney house fire | 9 News Australia,https://www.youtube.com/watch?v=rODxafIXbQ0,2024-05-27T19:53:37+00:00,716,9 News Australia
Tornadoes and severe weather rip through multiple US states | 9 News Australia,https://www.youtube.com/watch?v=BjjfETHMWOs,2024-05-27T20:18:34+00:00,746,9 News Australia
Rafah Airstrike which killed dozens of civilians was 'tragic mistake' - Benjamin Netanyahu,https://www.youtube.com/watch?v=vX_6zy39Czk,2024-05-27T21:39:06+00:00,1711,Sky News
Israeli Prime Minister acknowledges 'tragic mistake' after deadly Rafah airstrike | 9 News Australia,https://www.youtube.com/watch?v=FVQrLhnMei0,2024-05-27T21:05:22+00:00,1707,9 News Australia
Conservative MP Lucy Allan suspended from party after backing Reform UK,https://www.youtube.com/watch?v=YqL8PbGPlpI,2024-05-27T21:57:39+00:00,1169,Sky News
Sky News at Ten | Outgoing MP Lucy Allan quits Tory party to support rival Reform candidate,https://www.youtube.com/watch?v=3Auhh4Mq6K0,2024-05-27T22:02:05+00:00,2665,Sky News
Victorian government's affordable housing block linked to liquidated builder | Stateline | ABC News,https://www.youtube.com/watch?v=o07hbhABJGU,2024-05-27T20:00:14+00:00,1505,ABC News (Australia)
ðŸ“° Sky News Press Preview | 28 May 2024,https://www.youtube.com/watch?v=MnHFX4dQt6Y,2024-05-27T22:01:22+00:00,3118,Sky News
Penny Wong to issue national security warning over Chinaâ€™s military | 9 News Australia,https://www.youtube.com/watch?v=r-rmIObNn14,2024-05-27T22:53:37+00:00,6223,9 News Australia
"Search for mother, newborn after umbilical cord and placenta found in Sydney's Earlwood | ABC News",https://www.youtube.com/watch?v=bFBhaC4Hqgg,2024-05-27T21:11:41+00:00,4379,ABC News (Australia)
Deadly clash at Israel-Egypt border escalates tensions in Middle East | ABC News,https://www.youtube.com/watch?v=Tyy3vkJfk7o,2024-05-28T01:15:02+00:00,5268,ABC News (Australia)
Fresh concerns for Princess Kate | 7 News Australia,https://www.youtube.com/watch?v=U2bxfA1sLlU,2024-05-27T22:25:00+00:00,6213,7NEWS Australia
Regional retailers hurting as iconic Aussie hat brand cuts ties | A Current Affair,https://www.youtube.com/watch?v=g49Mj5_Y3Ms,2024-05-28T01:43:43+00:00,8088,A Current Affair
Airport development threatens Sydney man's handbuilt Venetian castle | A Current Affair,https://www.youtube.com/watch?v=frA3IzDXCmQ,2024-05-28T01:43:37+00:00,6912,A Current Affair
Press Preview: Tuesday's front pages,https://www.youtube.com/watch?v=mQ5aF7e7PEQ,2024-05-27T22:37:50+00:00,6752,Sky News
Surprising boost in luxury brands amid cost-of-living crisis | 9 News Australia,https://www.youtube.com/watch?v=tyatI92qHNs,2024-05-27T23:15:02+00:00,6407,9 News Australia
NSW Police search for mother & baby after umbilical cord and placenta discovered | ABC News,https://www.youtube.com/watch?v=mVcLAwRI3EQ,2024-05-28T00:46:03+00:00,5237,ABC News (Australia)
